,Age,Gender,Marital,Income,Ratio,Education,Profession,Experience,Optimism,Source,GL_1,GL_2,GL_3,GL_4,GL_5,GL_6,GL_7,GL_8,GL_9,GL_10,GL_11,GL_12,GL_13
0,B,A,A,A,A,B,B,H,A,C,B,B,C,A,B,B,A,A,A,B,A,A,A
1,B,A,A,B,C,B,C,D,A,A,B,B,C,C,C,C,B,B,A,B,C,B,C
2,B,B,A,A,C,B,B,H,A,B,C,A,B,A,B,A,A,D,A,B,A,A,A
3,B,B,A,B,A,B,B,D,A,A,B,C,B,C,B,A,B,B,A,B,B,B,B
4,B,A,A,B,C,B,B,H,A,A,C,A,A,A,B,A,A,D,A,B,A,A,A
5,B,A,A,B,B,B,B,C,B,A,B,C,B,C,B,A,B,C,A,B,D,A,B
6,B,A,A,A,A,B,B,E,A,A,B,B,A,A,B,B,B,C,A,B,A,A,B
7,B,A,A,B,B,B,B,H,B,A,B,B,C,B,B,B,A,B,A,B,B,B,B
8,B,A,A,C,A,B,B,H,A,A,C,A,B,A,C,B,B,A,A,A,A,A,A
9,B,B,A,B,A,B,C,H,A,A,B,B,C,C,B,B,B,C,B,B,D,B,C
10,B,A,A,A,A,B,B,C,A,C,A,A,B,A,B,B,B,A,A,B,A,A,C
11,B,A,A,B,A,B,C,D,B,A,B,B,D,C,C,C,C,C,B,B,B,B,D
12,B,A,A,A,A,B,B,D,A,C,C,B,B,C,B,C,B,C,B,B,B,B,C
13,B,B,A,A,B,B,C,D,B,B,B,B,C,C,B,C,B,D,B,B,B,B,C
14,B,B,A,B,A,B,B,E,A,A,D,A,A,B,B,A,B,D,A,A,D,A,C
15,B,B,A,B,A,B,B,H,A,C,B,C,C,A,B,C,B,B,B,B,A,B,C
16,B,B,A,A,A,B,B,H,A,C,C,D,B,B,B,B,B,A,A,B,A,A,C
17,B,A,A,A,A,B,B,H,A,C,C,A,C,A,A,C,B,B,A,B,A,A,A
18,B,A,A,A,A,B,B,H,B,C,A,B,C,A,B,A,A,B,A,B,A,B,B
19,B,B,A,A,B,B,B,D,A,A,B,C,C,C,B,B,B,C,A,B,B,B,C
20,B,A,A,A,B,B,B,D,B,A,B,C,B,C,B,A,A,B,A,A,B,B,C
21,B,A,A,A,A,B,C,D,B,A,B,B,C,C,B,C,B,C,B,B,C,B,C
22,B,A,A,A,A,B,B,H,A,A,B,B,C,A,B,B,B,A,B,A,C,A,B
23,B,A,A,A,A,B,B,H,B,A,B,B,B,C,B,C,D,B,B,B,B,A,A
24,B,B,A,B,C,B,C,D,B,A,B,C,C,C,A,C,A,D,B,B,C,B,A
25,B,B,A,A,A,B,B,H,A,C,C,B,B,A,B,C,B,B,B,A,D,B,B
26,B,A,A,A,A,B,C,H,A,A,B,D,A,C,B,B,B,D,A,B,D,B,C
27,B,B,A,A,A,B,B,F,B,C,B,D,D,B,A,B,B,A,B,B,B,B,B
28,B,A,A,B,A,B,B,A,A,A,B,B,A,B,B,C,B,C,A,B,C,A,C
29,B,B,A,B,A,B,B,H,A,C,D,B,B,A,B,B,B,A,B,B,D,A,B
30,B,A,A,A,B,B,C,F,A,A,B,D,C,B,B,B,B,D,A,B,D,B,C
31,B,A,A,A,A,B,B,H,A,C,B,B,C,C,A,B,B,B,B,B,A,A,B
32,B,A,A,B,B,B,B,A,A,A,B,B,A,B,B,B,A,A,A,B,A,A,A
33,B,A,A,B,B,B,B,D,A,B,B,B,B,C,A,C,B,C,A,A,C,A,B
34,B,A,A,B,A,A,B,E,A,A,B,A,B,A,B,B,B,A,A,B,C,A,B
35,B,A,A,B,A,B,B,G,A,A,C,A,C,B,B,C,B,A,B,B,A,A,B
36,B,B,A,B,B,B,B,D,B,A,C,B,C,C,C,C,B,A,A,B,D,B,B
37,B,A,A,A,A,B,B,D,A,A,C,C,A,B,B,A,C,C,A,A,D,B,C
38,C,A,A,C,A,C,B,D,B,B,C,B,C,A,B,B,B,B,A,A,B,A,A
39,B,B,A,B,A,B,B,D,A,A,C,B,C,A,A,B,B,D,A,B,A,B,A
40,B,A,A,A,A,B,B,H,A,C,B,C,B,A,B,B,B,C,B,B,C,A,C
41,B,B,A,A,A,B,B,F,A,C,B,B,B,B,B,B,B,B,A,A,B,A,B
42,A,A,A,A,A,B,B,D,A,A,B,B,B,B,B,C,C,A,A,A,B,A,C
43,B,B,A,C,B,B,B,D,A,A,C,B,A,C,B,A,B,A,B,B,C,A,A
44,B,A,A,A,C,B,B,H,A,A,D,A,B,A,B,C,D,D,A,B,A,A,B
45,B,B,A,A,A,B,B,B,A,C,D,A,D,A,B,A,B,A,B,B,A,A,B
46,C,A,B,C,A,B,B,D,A,A,C,B,B,A,B,B,C,B,A,A,D,B,A
47,C,A,A,C,C,A,B,D,B,B,B,C,C,C,B,A,B,A,A,A,C,A,A
48,B,A,A,B,A,B,B,C,A,A,B,D,B,B,B,C,A,C,B,B,B,A,A
49,C,B,A,C,C,B,B,D,A,A,C,B,B,C,B,C,B,B,A,B,B,A,A
50,B,A,A,B,B,C,B,D,A,C,B,B,C,B,B,C,C,C,B,A,B,C,B
51,B,A,A,B,C,B,B,D,B,A,B,A,C,C,B,C,B,D,A,B,A,A,D
52,B,A,A,A,A,B,B,D,A,A,B,B,A,C,B,B,B,A,B,B,B,A,A
53,C,A,B,C,A,C,B,D,A,A,C,A,B,C,C,B,A,B,A,A,B,A,B
54,B,A,A,A,A,B,B,H,A,C,D,A,B,A,B,B,B,C,A,B,D,A,B
55,B,A,A,B,A,B,B,D,B,A,D,B,B,A,C,C,B,A,B,A,C,C,B
56,A,B,A,A,A,A,B,D,A,C,B,A,A,A,B,A,D,B,A,A,D,B,B
57,B,B,A,A,A,B,B,D,A,A,C,A,B,B,B,B,B,D,A,B,C,A,B
58,B,A,A,A,A,B,B,H,A,A,D,B,A,A,B,A,A,B,B,B,A,B,A
59,B,A,A,A,A,B,B,D,A,C,C,B,B,C,B,B,C,C,A,B,D,A,B
60,C,A,A,B,A,B,B,D,A,A,C,B,C,C,B,B,A,B,B,B,B,A,B
61,B,B,A,A,A,B,B,H,A,A,D,C,B,A,B,B,C,B,B,B,B,A,A
62,A,A,A,A,A,A,C,H,B,C,B,D,D,C,B,A,B,D,B,B,B,B,B
63,B,B,A,A,A,B,B,D,B,A,B,C,B,A,B,B,B,B,A,A,A,B,B
64,B,A,B,A,A,B,B,D,A,A,B,B,A,C,B,D,B,B,A,B,B,B,C
65,B,B,A,A,A,B,B,H,A,C,D,B,C,A,B,C,B,B,A,A,A,A,A
66,C,B,B,B,B,A,B,D,A,A,C,A,B,C,A,D,B,A,A,B,D,A,A
67,B,B,A,A,A,B,B,C,B,C,C,B,B,B,B,B,B,D,B,B,A,A,B
68,B,B,A,A,A,B,B,H,B,C,B,B,C,A,B,C,A,C,A,B,C,B,B
69,B,B,A,A,A,B,B,H,A,A,C,B,B,B,B,B,B,C,B,A,C,B,B
70,B,B,A,A,A,B,B,A,A,C,B,A,B,B,B,B,A,B,B,A,D,C,B
71,B,A,A,B,B,B,B,D,B,A,B,B,C,C,A,B,D,C,A,B,C,B,B
72,B,B,A,B,A,B,B,C,A,A,C,D,B,A,B,B,A,A,A,A,A,A,A
73,B,A,A,A,B,B,C,C,B,A,A,B,C,C,B,B,B,C,B,B,D,A,C
74,B,B,A,A,A,B,C,D,B,A,B,D,B,C,B,C,B,B,B,B,B,B,C
75,B,B,A,B,A,B,B,C,A,A,C,D,A,A,B,B,C,A,A,A,A,A,A
76,B,A,A,B,A,B,B,E,A,C,C,B,A,C,C,A,B,C,A,B,D,A,D
77,A,B,A,A,A,A,B,F,A,A,C,C,B,A,B,B,B,C,A,B,B,B,C
78,B,A,A,B,A,B,B,H,A,A,B,B,A,A,B,C,A,A,A,A,B,B,B
79,B,A,A,A,A,A,A,H,A,C,C,B,A,A,B,B,B,C,A,B,B,A,A
80,B,A,A,B,A,B,B,C,B,C,B,B,B,B,B,B,A,C,B,B,C,C,C
81,B,B,A,A,A,B,A,H,A,C,B,A,B,B,B,A,A,A,A,B,A,A,B
82,B,B,A,A,A,B,A,D,A,A,C,B,C,A,B,A,B,B,A,B,A,A,B
83,B,A,A,B,A,B,A,H,B,A,A,D,B,A,B,B,B,B,A,A,B,A,C
84,C,A,B,C,C,B,B,D,B,C,B,D,B,C,C,A,B,B,A,A,B,B,D
85,B,A,A,A,A,B,A,H,A,A,B,A,B,B,A,A,A,B,A,B,A,A,B
86,B,A,A,A,A,B,A,H,A,C,C,A,A,C,A,C,A,B,A,A,B,A,A
87,A,B,A,A,A,A,A,H,A,C,B,B,C,A,A,C,B,C,B,B,A,A,B
88,C,A,A,C,A,B,B,C,A,A,B,A,B,A,A,B,B,A,A,B,A,A,B
89,B,B,A,B,A,B,B,H,A,A,D,A,A,B,B,A,B,A,A,B,A,A,C
90,B,B,A,C,A,B,B,G,A,A,B,B,C,C,B,B,B,A,B,A,B,B,A
91,B,A,A,A,A,A,A,D,A,B,C,A,A,A,A,C,B,A,A,B,C,B,A
92,B,A,A,A,A,B,A,H,A,C,C,B,C,C,B,B,B,B,B,B,C,A,B
93,B,A,A,C,B,C,C,C,B,A,B,C,C,C,A,C,B,C,A,A,D,B,C
94,C,A,B,C,C,B,B,D,A,A,C,C,C,C,B,C,B,C,A,A,C,B,D
95,B,A,A,C,A,B,A,H,B,A,C,B,C,B,B,B,B,C,A,B,A,A,A
96,B,A,A,B,A,B,B,C,B,A,A,C,C,B,B,C,B,C,A,B,D,B,C
97,C,B,B,C,C,C,B,F,A,A,C,A,C,A,B,B,D,A,A,B,A,A,A
98,C,A,B,C,A,B,B,F,A,A,C,A,A,B,B,B,A,A,B,B,D,A,A
99,B,A,A,A,B,B,B,C,A,B,B,A,A,C,C,C,A,D,A,A,D,A,B
100,C,A,A,C,A,C,B,C,A,A,C,B,C,B,B,B,A,B,B,B,A,A,B
101,C,A,B,C,B,B,B,F,A,A,D,C,B,C,B,A,B,B,B,B,B,B,A
102,B,B,A,B,A,B,B,D,A,A,C,B,B,B,B,A,A,B,B,B,D,A,B
103,B,A,A,C,B,B,C,D,B,A,B,B,C,C,C,C,A,B,A,B,A,B,A
104,C,A,B,B,B,B,C,F,A,B,C,B,C,B,C,B,D,A,B,B,B,A,D
105,C,A,B,B,A,B,A,H,A,A,D,A,C,A,A,B,C,B,A,B,A,A,B
106,C,A,B,C,A,C,A,F,A,A,C,B,C,C,B,B,B,A,A,B,A,B,C
107,B,A,A,B,A,B,A,F,A,A,C,C,B,B,B,B,B,B,B,A,B,A,B
108,C,A,B,C,B,C,C,F,A,A,B,D,A,C,B,C,B,C,B,B,C,B,A
109,B,A,A,B,A,B,B,H,A,A,B,B,B,B,A,B,B,B,A,A,A,A,B
110,C,A,A,B,C,C,B,D,A,B,B,A,A,C,C,C,C,C,A,B,C,B,A
111,B,A,A,A,A,B,B,D,B,B,B,C,A,C,C,C,B,C,A,B,D,B,C
112,C,A,B,B,A,B,A,H,A,A,C,D,D,C,A,B,D,C,A,B,D,A,C
113,C,B,B,C,C,C,B,F,A,A,C,B,A,C,B,A,B,C,A,A,B,A,C
114,C,A,B,C,B,B,C,D,A,A,C,C,C,C,B,C,A,C,A,B,C,B,C
115,C,A,B,B,A,B,A,H,A,A,C,D,A,A,B,B,C,B,A,B,D,A,B
116,C,A,B,C,A,B,B,H,A,A,A,A,D,A,A,A,C,A,A,B,A,A,A
117,C,A,B,C,A,B,B,H,B,A,B,B,A,B,B,A,B,D,B,B,B,B,D
118,C,A,B,C,B,B,B,D,A,A,B,B,C,C,B,C,C,B,B,B,C,A,A
119,C,B,A,C,B,B,B,C,A,A,D,D,C,C,B,B,A,A,B,B,C,B,C
120,C,B,B,B,B,B,B,H,A,A,D,C,B,A,B,C,C,B,A,B,A,A,C
121,C,A,B,C,B,B,B,D,A,A,C,D,C,C,A,C,C,B,B,B,D,C,A
122,C,A,B,C,B,B,B,D,A,A,B,B,B,C,C,C,C,C,B,B,C,B,C
123,C,A,B,C,B,B,B,F,A,C,C,C,C,C,A,C,C,B,B,A,A,A,D
124,B,A,A,C,A,B,A,H,A,A,C,A,A,B,B,B,A,B,A,B,A,A,B
125,C,B,A,C,A,C,B,D,B,A,B,D,C,A,B,B,A,C,A,B,B,B,C
126,C,A,B,C,C,A,B,F,A,A,D,A,C,C,C,D,B,D,B,B,B,A,C
127,C,A,A,C,B,B,B,D,B,A,B,B,A,C,A,C,B,D,A,B,C,B,D
128,A,B,A,A,A,A,B,G,A,A,D,B,A,B,B,B,A,B,A,B,C,B,C
129,B,A,A,A,A,A,A,H,A,C,B,A,B,B,B,B,A,A,A,B,A,B,A
130,B,A,A,B,B,B,B,H,A,C,B,D,B,A,B,C,B,A,B,B,A,A,A
131,C,A,B,C,C,B,B,F,A,A,B,B,A,A,B,B,C,C,A,B,D,A,A
132,C,A,B,C,A,B,B,D,A,A,C,B,B,C,B,B,A,B,A,A,A,B,C
133,C,A,B,C,B,C,B,F,A,A,B,B,B,B,B,C,A,A,A,B,A,B,C
134,B,A,A,A,A,B,A,H,A,A,C,B,B,A,B,B,B,B,A,A,D,B,C
135,B,A,A,A,B,B,A,H,A,C,D,A,C,A,A,A,B,C,B,B,B,A,A
136,B,A,A,A,A,B,B,H,A,C,C,B,B,B,B,B,B,C,B,B,C,B,A
137,C,A,B,B,B,A,B,D,B,B,D,B,C,C,C,B,B,B,B,B,C,A,B
138,C,B,B,B,B,C,B,A,A,A,A,D,D,B,A,A,B,D,A,B,D,B,A
139,C,A,A,B,C,B,A,D,A,A,B,C,B,C,B,A,A,D,A,B,B,A,B
140,B,A,A,B,A,B,A,H,B,A,B,B,B,B,B,C,B,C,B,B,B,B,C
141,A,A,A,A,A,B,B,F,A,A,C,B,A,A,B,C,A,C,A,B,A,B,C
142,B,A,A,C,C,B,B,D,A,B,B,C,B,C,B,A,B,C,A,A,D,C,C
143,C,A,B,C,A,B,B,F,A,A,D,C,C,C,B,C,B,B,A,A,C,A,B
144,B,B,A,A,A,A,A,H,A,C,C,A,A,B,A,A,B,A,A,A,D,A,B
145,C,B,A,C,B,A,B,H,A,A,B,B,C,A,C,C,C,A,B,B,D,A,A
146,B,A,A,B,B,B,B,D,B,C,B,D,A,C,B,B,A,D,B,B,B,B,A
147,A,A,A,A,A,A,B,H,A,A,B,A,C,B,B,B,A,B,A,A,C,A,B
148,B,A,A,A,A,B,A,G,A,C,B,A,D,B,B,B,B,A,A,B,A,B,A
149,A,B,A,A,A,A,B,H,A,C,C,A,A,A,A,B,B,A,A,B,A,A,C
150,B,B,A,A,A,B,B,H,A,A,A,A,D,C,B,D,B,B,B,B,A,A,C
151,B,B,A,B,A,B,B,D,A,A,B,C,C,B,B,B,B,D,B,B,B,A,C
152,B,B,A,C,B,C,C,F,A,A,B,B,C,B,A,B,D,C,B,B,B,C,D
153,C,B,A,C,A,B,B,C,A,A,B,D,B,B,B,B,B,D,B,B,C,B,B
154,C,A,B,C,B,B,B,F,A,A,B,C,C,C,B,A,C,B,B,B,C,A,A
155,C,A,B,C,A,B,A,D,A,A,C,B,C,C,B,B,C,B,A,B,A,A,A
156,C,A,B,C,B,A,B,F,A,A,B,B,B,B,C,C,A,B,B,B,B,C,A
157,C,A,B,C,C,B,B,F,A,B,C,B,B,B,A,A,C,B,A,B,D,A,A
158,B,B,A,B,A,B,B,D,A,A,C,B,B,B,B,C,B,A,A,B,C,A,B
159,C,A,B,C,C,B,C,D,A,B,C,D,C,A,A,C,A,A,A,B,A,C,A
160,C,A,B,C,A,B,C,D,A,A,B,A,B,C,C,B,B,B,A,B,C,C,B
161,C,A,B,C,A,C,B,D,A,A,C,C,C,B,A,A,A,B,A,A,A,B,A
162,B,A,A,C,C,C,C,F,A,B,B,D,D,B,B,A,B,D,A,B,B,C,D
163,C,A,A,C,C,B,C,D,A,A,C,D,A,C,B,A,C,D,B,B,C,B,C
164,B,A,A,A,A,B,B,F,B,A,B,B,A,B,B,B,A,B,A,B,D,A,C
165,A,B,A,A,A,A,A,H,A,A,C,C,C,A,B,B,A,A,B,B,D,A,A
166,B,B,A,A,A,B,A,H,A,A,B,A,A,A,A,A,A,A,A,A,B,A,A
167,B,A,A,A,A,B,A,H,A,C,B,A,C,B,B,A,B,B,B,A,B,A,B
168,B,B,A,A,A,B,A,H,A,C,D,A,A,A,A,B,C,A,B,B,A,B,A
169,C,A,B,C,C,B,B,F,A,B,B,C,C,C,B,C,B,B,A,B,D,C,C
170,C,A,B,C,B,B,B,F,A,A,B,B,B,A,B,C,B,B,A,B,A,A,C
171,B,B,A,B,B,B,B,D,A,B,B,A,C,A,B,C,B,C,B,B,C,B,C
172,B,A,A,A,A,B,B,H,A,A,C,A,C,B,B,A,B,A,A,A,A,A,B
173,A,A,A,A,A,A,A,A,A,A,A,A,A,A,A,A,A,A,A,A,A,A,B
174,C,A,B,B,A,B,A,H,A,A,D,A,A,A,A,B,A,A,B,A,A,A,C
175,B,B,A,B,B,B,B,D,A,A,B,B,C,A,B,B,B,A,B,B,A,B,A
176,B,B,A,A,A,B,B,H,A,C,C,B,C,C,B,C,B,C,A,B,B,B,B
177,B,A,A,A,A,B,B,H,A,A,C,A,C,B,B,A,A,B,B,B,B,A,C
178,B,B,A,B,A,B,B,D,A,C,D,A,C,A,B,B,B,B,B,B,C,B,B
179,B,B,A,A,A,B,A,H,A,C,B,B,C,A,B,B,B,A,A,A,B,A,B
180,A,B,B,A,A,B,A,H,A,C,C,B,C,A,B,B,B,A,A,A,B,A,B
181,B,A,A,A,A,B,A,H,A,A,B,B,B,A,A,B,B,B,B,B,B,B,A
182,A,A,B,A,B,B,B,B,A,B,B,B,B,B,B,B,B,B,B,B,C,B,B
183,C,A,B,C,B,B,B,C,A,C,C,B,B,B,B,B,B,B,A,B,A,A,A
184,B,A,A,A,A,B,B,H,B,A,B,A,C,B,B,A,B,A,A,B,D,B,C
185,B,B,A,A,A,B,A,H,A,A,C,A,B,A,B,A,B,B,A,A,A,B,A
186,C,B,A,C,A,A,B,A,A,A,C,A,B,A,B,B,B,B,A,B,D,A,B
187,B,B,B,C,B,B,A,C,A,B,C,A,D,B,B,D,B,A,B,B,B,A,D
188,B,A,A,A,A,B,A,H,A,A,B,A,B,B,B,C,B,B,A,B,B,B,C
189,B,A,A,B,A,B,A,D,A,C,B,A,A,B,B,B,A,B,A,A,B,A,B
190,C,B,A,C,A,B,B,E,A,A,C,B,B,C,B,B,B,A,A,B,D,A,B
191,C,B,A,C,B,B,B,H,A,A,B,B,B,A,B,B,B,B,A,B,D,A,C
192,B,A,A,B,A,B,A,H,A,A,D,B,B,B,B,B,A,B,A,B,A,A,A
193,B,A,A,C,C,B,C,C,A,B,B,D,C,B,B,C,B,C,A,B,C,A,A
194,B,A,A,B,A,B,B,D,A,A,C,B,D,B,B,C,B,B,B,B,D,C,B
195,C,A,B,C,B,B,A,H,A,A,C,B,B,A,B,C,B,D,B,B,D,B,D
196,B,B,A,A,A,A,A,H,A,C,C,B,B,A,B,B,B,C,A,B,A,A,A
197,C,A,B,B,A,B,A,H,A,A,D,B,A,B,B,C,A,B,B,A,D,B,D
198,C,A,B,C,B,B,B,F,A,A,C,D,C,C,A,B,C,B,B,B,B,B,A
199,C,A,B,C,A,B,C,F,A,B,C,A,D,A,B,B,C,A,A,A,D,A,A
200,B,B,A,A,A,B,A,H,A,C,C,B,C,A,A,C,C,C,A,B,A,C,D
201,B,B,A,A,A,B,A,H,A,A,D,A,C,A,C,B,C,D,A,B,C,A,B
202,B,B,A,A,A,B,B,C,A,A,C,B,B,B,B,B,B,B,A,B,D,A,A
203,C,A,B,C,C,B,B,D,B,A,A,C,C,C,B,A,B,B,B,B,B,B,A
204,C,B,A,C,A,C,B,D,B,B,B,B,A,A,B,B,B,C,B,B,A,A,B
205,C,A,B,C,C,B,C,F,A,A,B,D,A,C,C,C,A,D,A,B,A,A,A
206,C,A,B,C,B,B,B,D,B,B,B,B,D,C,C,C,A,B,A,B,B,A,A
207,C,A,A,C,A,C,A,H,B,C,C,A,B,A,A,A,B,A,A,B,D,A,A
208,B,B,A,B,A,B,A,H,A,A,B,B,B,A,B,A,B,B,A,A,A,A,B
209,C,A,B,C,A,B,A,D,A,A,C,A,B,A,B,B,B,A,A,B,B,B,B
210,B,B,A,B,C,B,B,D,B,A,C,C,B,C,B,C,B,C,A,A,D,A,B
211,C,A,A,C,A,B,A,H,A,A,C,B,C,B,A,B,A,B,A,B,D,A,A
212,B,B,A,A,C,B,B,D,A,C,B,B,A,C,B,A,A,B,B,B,D,A,A
213,C,A,B,C,B,B,B,D,A,A,C,B,A,B,B,B,A,B,A,A,C,A,A
214,B,A,A,B,A,B,C,C,B,C,B,B,C,C,B,C,C,B,A,B,C,A,C
215,C,A,B,B,A,B,B,F,A,C,C,B,A,B,A,B,B,B,A,A,D,A,B
216,C,B,A,B,A,A,A,H,A,A,C,A,C,A,B,A,A,A,A,B,A,A,B
217,B,A,A,A,C,B,B,C,B,C,B,B,B,C,B,B,A,B,B,A,D,A,D
218,C,A,A,C,A,C,A,E,A,A,C,B,C,A,A,B,B,B,B,B,A,A,A
219,B,B,A,B,A,B,A,H,A,A,C,A,C,C,A,C,A,C,A,B,D,C,A
220,C,B,A,B,A,A,B,C,B,B,B,A,C,A,B,B,B,B,B,B,D,B,B
221,B,A,A,A,A,B,A,C,A,A,D,A,C,A,B,D,B,C,A,B,A,B,B
222,B,A,A,A,A,A,A,H,A,A,D,B,C,A,B,B,B,B,A,B,A,B,B
223,B,B,A,A,A,B,B,E,A,A,C,B,B,B,B,B,A,B,B,B,B,A,A
224,C,A,B,C,B,B,B,D,B,A,C,C,C,C,C,A,D,C,B,A,A,B,C
225,B,A,A,B,A,B,A,H,A,A,B,B,B,B,B,B,B,A,A,A,A,A,C
226,B,A,A,B,A,B,A,H,A,A,C,A,A,C,B,B,B,A,A,B,D,A,C
227,C,B,B,B,A,B,A,H,A,A,C,D,C,A,A,B,A,D,B,B,B,A,B
228,C,A,B,C,C,B,C,F,B,A,C,D,B,A,C,C,A,A,A,A,A,A,A
229,B,B,A,A,C,B,B,D,A,B,B,A,A,B,B,B,C,A,A,A,C,B,B
230,A,B,A,A,A,A,A,D,B,C,C,A,B,B,B,B,B,B,A,A,A,B,A
231,B,A,A,A,B,B,B,C,A,A,B,B,B,B,B,B,B,C,A,B,B,A,A
232,C,A,B,C,C,B,A,E,A,A,C,B,B,C,B,C,B,B,A,A,D,B,B
233,B,A,A,B,B,B,B,D,B,A,B,B,D,A,C,A,A,C,A,B,A,A,A
234,C,A,B,C,B,B,B,A,B,A,C,C,C,A,B,C,A,A,A,B,A,B,B
235,C,A,B,B,B,B,B,D,B,A,C,D,D,C,C,C,D,D,A,B,C,C,D
236,B,A,A,B,A,B,B,H,B,A,B,B,C,C,B,B,C,B,A,A,D,B,B
237,C,B,B,C,C,B,B,D,B,A,B,C,B,C,B,C,C,C,A,B,C,B,A
238,B,B,A,A,A,B,A,D,A,C,C,B,B,C,A,A,B,C,A,B,C,A,A
239,B,A,A,A,A,B,B,D,A,A,C,C,C,B,B,B,D,B,A,A,B,C,A
240,B,A,A,B,C,B,B,C,A,B,B,B,A,C,B,B,C,B,A,A,D,B,B
241,B,B,A,A,A,B,A,H,B,C,C,C,B,B,A,B,A,B,B,A,D,A,C
242,B,A,B,A,A,B,A,H,A,C,C,B,D,A,B,B,B,A,A,B,B,A,C
243,A,A,A,A,A,A,B,H,A,C,B,B,D,A,B,B,B,B,A,A,A,B,C
244,C,B,B,C,A,A,B,H,A,A,C,B,B,B,C,C,A,B,A,B,B,A,C
245,B,B,A,B,A,B,B,H,A,A,C,A,C,A,A,B,B,A,A,A,D,A,A
246,B,A,A,B,A,A,A,E,A,C,C,B,B,B,B,A,B,B,B,B,D,A,C
247,B,B,A,B,B,B,B,E,A,A,C,D,C,B,B,C,B,B,A,A,B,B,B
248,A,B,A,A,A,A,B,D,A,C,B,B,C,A,C,C,B,B,B,B,A,A,B
249,B,B,A,A,A,B,B,D,A,C,C,B,C,C,B,B,B,A,B,B,B,B,B
250,B,A,A,A,A,B,A,E,A,C,C,A,A,A,A,B,A,A,A,B,D,C,C
251,A,A,A,A,A,A,A,H,A,C,D,B,A,A,B,B,B,B,A,B,A,A,B
252,C,B,B,B,A,B,B,F,A,A,D,A,C,B,A,B,B,B,A,B,D,B,B
253,B,B,A,A,A,B,A,H,A,A,D,A,D,A,A,A,D,A,A,B,D,A,A
254,C,B,B,C,C,C,C,H,B,C,D,D,D,C,C,D,D,D,B,B,D,C,D
255,B,A,A,A,A,B,B,D,A,C,C,B,A,C,B,C,B,D,A,B,B,C,D
256,B,A,A,A,A,B,A,H,A,A,C,A,B,A,B,D,A,A,A,B,D,A,C
257,A,A,A,A,A,A,A,B,A,A,C,C,C,C,A,C,A,C,A,B,B,C,A
258,B,A,A,A,A,B,B,D,B,C,B,B,B,C,C,B,B,A,A,B,B,C,A
259,B,B,A,A,A,B,A,H,B,A,B,C,B,B,B,B,B,A,A,B,B,A,C
260,C,B,A,C,A,C,B,A,A,A,D,B,A,A,B,B,B,B,B,B,D,B,A
261,C,A,A,B,B,C,A,E,A,A,C,B,C,B,B,B,B,C,A,B,D,B,B
262,C,A,A,C,A,C,A,D,A,A,B,B,A,A,B,B,C,B,A,B,A,A,C
263,C,B,B,C,A,B,A,H,A,A,D,A,B,A,C,A,A,C,A,B,A,B,D
264,B,B,A,A,A,B,A,C,A,C,D,B,B,B,A,B,C,B,A,B,A,A,B
265,C,B,B,C,A,B,B,D,A,A,B,B,C,B,A,C,B,D,A,B,D,C,C
266,B,B,A,A,A,B,A,H,A,A,D,A,B,A,B,D,B,A,A,B,A,A,B
267,C,B,B,C,B,B,B,F,A,A,B,B,C,C,B,B,B,C,B,B,C,B,C
268,B,A,A,B,A,A,B,D,A,A,B,C,C,A,B,C,A,C,B,B,A,B,B
269,C,A,B,C,B,B,B,F,B,A,B,B,C,C,B,C,A,A,A,A,B,A,A
270,B,B,A,A,A,B,A,E,A,C,D,C,C,A,B,B,B,A,A,B,A,A,A
271,C,A,B,C,A,C,B,H,A,A,C,B,C,B,B,A,A,D,B,B,D,A,C
272,B,B,A,A,A,A,B,H,B,A,C,B,A,B,B,B,B,D,A,B,B,B,B
273,B,A,A,B,A,B,B,A,A,B,B,B,C,C,B,C,A,D,A,B,B,B,A
274,C,A,B,C,B,B,B,F,A,B,B,B,C,C,B,C,C,B,A,B,D,B,B
275,B,B,A,B,B,B,B,D,A,A,D,D,C,C,B,A,B,D,B,B,C,B,C
276,B,B,A,A,A,B,B,D,A,A,B,C,A,B,B,B,B,C,A,A,D,B,C
277,A,A,A,A,A,A,A,H,A,C,C,B,C,A,B,D,A,A,B,A,D,A,B
278,B,A,A,B,A,B,A,E,A,C,B,D,B,A,B,A,B,B,A,A,B,A,B
279,B,B,A,C,A,B,B,F,A,A,B,D,C,C,B,C,B,D,B,A,A,B,C
280,B,B,A,A,A,B,A,H,A,C,C,A,B,B,B,B,B,C,A,B,D,B,C
281,B,B,A,B,C,C,B,F,A,A,B,B,D,B,C,B,B,C,B,A,D,A,C
282,B,B,A,A,A,B,B,D,A,C,C,D,B,C,B,C,B,D,B,B,D,B,A
283,B,B,A,B,A,B,B,D,A,A,C,A,C,A,B,B,A,C,A,B,A,A,C
284,C,A,A,C,B,B,B,D,B,A,B,C,C,B,B,B,B,C,A,A,C,B,B
285,B,A,A,A,A,B,B,D,A,C,C,B,B,B,B,B,B,B,A,B,B,B,B
286,B,A,A,A,A,B,A,H,A,C,C,A,A,A,A,A,A,A,A,A,A,A,A
287,C,B,A,C,B,B,C,D,A,A,B,B,C,C,B,C,B,A,A,B,A,A,B
288,B,A,A,C,A,B,C,D,A,C,B,B,B,B,B,C,A,C,A,A,B,A,A
289,B,A,A,A,A,B,A,H,A,A,B,B,C,A,B,C,B,B,B,B,A,B,B
290,C,B,A,C,A,C,B,D,A,A,C,B,C,A,B,B,A,B,A,B,A,A,B
291,B,B,A,A,A,B,A,H,A,C,D,D,A,A,B,A,B,B,A,B,D,A,C
292,C,A,A,C,B,B,C,B,B,C,B,B,D,C,B,C,B,C,B,B,B,B,C
293,B,B,A,A,A,B,A,E,A,C,D,C,C,B,B,B,B,C,A,B,D,B,C
294,C,A,A,C,A,C,C,D,B,C,B,C,C,A,A,B,B,B,A,B,B,A,A
295,B,B,B,C,B,B,B,B,A,A,C,C,C,B,B,B,C,C,B,B,C,B,C
296,B,A,A,B,B,B,B,C,A,A,B,B,C,A,B,B,B,B,A,B,C,B,B
297,B,B,A,A,A,B,B,H,A,A,D,A,A,A,A,A,B,B,A,B,A,A,B
298,C,B,A,B,B,B,C,D,A,A,C,A,B,C,C,C,B,B,B,B,B,A,B
299,B,A,A,A,C,A,A,D,A,A,C,A,A,A,B,B,C,A,A,B,A,A,A
300,C,A,B,C,A,B,B,D,A,A,C,A,A,C,B,C,B,C,A,A,B,A,A
301,B,B,A,A,B,B,B,D,B,B,B,B,B,C,C,C,B,C,A,B,B,C,B
302,B,B,A,A,B,B,B,D,A,C,D,B,B,B,B,B,B,C,B,B,B,A,A
303,B,B,A,B,A,B,A,H,A,A,C,C,C,B,B,B,C,B,A,B,B,B,C
304,C,A,B,C,A,B,B,H,A,A,C,A,A,B,A,A,A,B,A,A,A,A,A
305,C,A,B,C,C,B,B,F,A,A,C,B,A,B,A,B,A,A,A,A,A,A,A
306,C,A,B,B,A,C,B,D,B,A,B,D,C,C,B,B,C,B,B,B,C,C,C
307,C,B,B,C,A,A,B,D,A,A,C,B,B,C,B,A,A,B,A,B,C,A,A
308,A,B,A,A,A,A,A,H,A,C,C,C,C,A,A,D,A,C,A,A,D,A,D
309,C,A,A,C,B,A,B,D,B,A,A,C,B,C,B,C,D,B,A,A,C,A,B
310,B,B,A,A,B,B,B,F,A,A,B,B,A,B,B,B,B,A,B,B,C,A,C
311,B,B,A,B,A,B,B,D,A,A,B,C,C,C,B,B,B,A,B,B,B,B,B
312,B,B,A,B,A,A,B,D,B,A,A,D,D,C,C,B,D,D,B,B,A,C,A
313,C,A,B,B,B,B,B,H,A,A,B,A,A,C,B,C,B,B,A,B,A,B,C
314,C,A,B,C,B,B,B,F,A,A,C,B,B,A,B,B,C,B,B,A,D,A,B
315,C,A,B,C,B,A,B,D,A,A,B,C,B,C,B,C,B,C,B,B,A,B,A
316,B,B,A,A,A,B,A,H,A,C,D,A,B,A,B,B,B,A,A,B,A,A,C
317,C,A,A,B,A,A,A,H,B,A,D,B,A,C,A,B,A,A,A,B,D,C,D
318,C,A,B,C,A,B,B,D,A,A,C,D,C,B,C,B,D,A,B,B,D,B,C
319,C,A,B,C,A,B,B,F,A,A,C,A,D,C,B,C,C,B,B,B,B,B,C
320,A,B,A,A,B,A,A,H,A,C,D,B,B,B,B,A,B,C,B,B,A,B,A
321,C,A,B,C,A,B,A,H,A,A,C,A,A,A,A,C,A,A,A,A,D,A,A
322,A,A,B,C,A,B,B,D,A,A,C,B,B,A,B,B,B,C,A,B,C,C,A
323,A,B,A,A,A,B,B,H,A,C,B,A,A,A,A,B,B,A,A,A,A,A,A
324,C,A,B,C,A,B,A,D,A,A,B,B,C,B,A,B,B,A,B,B,A,A,A
325,C,A,B,C,C,B,C,F,A,A,B,B,B,B,C,A,A,D,A,A,A,A,A
326,C,B,B,B,A,A,A,F,A,A,B,B,C,A,A,A,C,B,A,B,A,A,C
327,C,A,B,C,B,B,B,D,A,A,C,B,B,C,B,B,B,A,B,B,A,A,C
328,C,A,A,B,A,A,B,D,A,A,C,B,C,C,B,A,B,C,A,B,B,A,B
329,C,A,B,C,A,B,B,H,A,A,D,A,C,A,A,B,A,A,A,B,A,A,A
330,C,A,B,C,B,B,A,D,A,A,C,A,B,C,B,A,C,A,A,A,B,A,A
331,B,A,A,B,B,B,B,C,A,C,A,D,B,C,B,D,B,D,B,B,A,A,B
332,C,B,A,C,B,B,B,H,A,A,B,A,B,A,B,B,B,C,A,B,D,A,C
333,B,A,A,B,B,B,B,D,A,A,B,D,B,A,C,A,A,C,B,B,D,A,B
334,B,A,A,B,B,B,B,C,A,A,B,B,B,C,B,C,B,C,B,B,A,A,B
335,C,A,B,C,B,B,C,F,A,C,C,D,C,B,C,C,C,C,B,B,C,C,B
336,C,A,B,B,C,A,B,F,B,A,C,C,B,B,A,B,C,C,B,B,D,B,C
337,B,B,A,A,A,B,B,D,A,C,D,B,B,A,B,B,B,C,A,B,A,A,C
338,C,A,B,C,C,B,B,D,B,A,C,A,C,C,B,C,B,A,A,A,B,A,A
339,C,A,B,C,C,B,B,F,A,B,B,B,B,C,A,B,C,B,A,B,C,A,A
340,C,A,A,B,A,B,A,D,A,A,C,A,B,A,B,A,A,A,A,A,A,A,A
341,C,A,B,C,C,B,B,F,A,A,C,A,D,A,A,C,D,B,A,B,A,A,C
342,C,B,B,C,A,C,B,D,A,A,C,B,B,C,B,B,B,C,B,B,B,A,A
343,C,A,B,C,C,B,B,H,A,A,C,B,B,C,B,C,C,B,A,A,B,B,B
344,C,A,B,C,A,B,A,H,A,A,B,D,C,A,A,A,A,C,A,B,D,A,D
345,A,A,B,B,A,B,B,D,A,A,B,B,B,B,C,A,A,C,B,A,A,C,A
346,C,A,B,C,B,B,B,F,A,A,C,D,A,A,B,B,C,D,A,B,A,A,B
347,B,B,A,A,A,B,A,H,A,C,A,B,D,A,B,B,B,C,A,B,C,A,C
348,C,A,B,C,C,B,C,F,A,B,B,D,C,C,C,B,A,B,B,B,C,A,A
349,B,A,A,A,A,B,A,H,A,A,A,A,B,B,A,A,B,A,B,A,A,C,C
350,B,A,A,A,A,B,B,D,A,A,B,C,C,B,B,C,A,B,A,B,D,A,B
351,B,B,A,A,A,B,A,H,A,C,B,A,B,C,A,C,B,B,A,B,D,A,B
352,C,A,B,B,B,A,A,H,A,C,C,D,A,B,B,B,C,D,A,B,A,B,C
353,B,B,A,B,B,B,B,D,B,A,C,A,A,C,C,A,B,C,A,B,B,B,C
354,B,A,A,A,A,B,A,H,A,A,C,A,B,B,B,A,B,B,A,B,A,A,B
355,B,A,A,B,A,B,A,A,A,A,C,B,A,A,B,A,B,C,A,B,D,A,B
356,A,B,A,A,A,A,A,A,A,A,C,B,C,B,B,B,B,D,A,A,B,A,C
357,B,A,A,A,A,B,B,G,A,A,D,A,B,B,C,B,A,B,B,B,B,A,B
358,B,A,A,A,A,B,B,D,B,A,A,C,B,C,C,B,B,C,B,B,C,C,C
359,B,A,A,B,B,B,B,F,B,A,C,B,C,B,A,C,B,C,B,A,D,B,B
360,A,B,A,A,B,A,A,F,A,A,B,D,B,C,B,D,A,C,B,A,B,A,C
361,C,A,B,C,C,B,C,D,B,B,B,D,C,C,B,C,C,C,A,A,C,B,C
362,B,B,A,A,A,B,A,H,A,C,D,A,C,B,B,B,B,B,A,B,C,A,C
363,B,B,A,A,A,B,A,H,A,C,C,A,A,B,A,A,B,A,A,B,B,A,B
364,B,B,A,B,A,B,B,D,A,A,B,B,C,C,B,B,C,C,A,B,C,B,A
365,B,A,A,B,B,B,C,D,A,B,B,B,B,C,B,B,B,B,A,A,D,B,C
366,A,B,A,A,A,A,B,D,B,A,B,D,B,B,B,C,B,B,B,B,B,B,B
367,A,A,A,A,A,A,B,H,B,C,C,C,D,B,B,B,B,B,B,B,B,B,C
368,C,A,B,C,A,B,A,D,B,A,B,C,B,B,B,C,B,C,A,B,D,B,B
369,B,B,A,A,A,B,A,G,A,C,C,A,A,A,B,A,C,D,A,A,B,B,B
370,B,B,A,A,A,B,A,H,A,A,D,A,B,B,B,A,B,A,A,A,A,A,B
371,B,B,A,B,C,B,B,H,A,C,C,D,B,A,B,C,B,D,A,B,D,A,A
372,C,A,B,C,A,B,B,C,B,A,A,C,C,B,B,C,C,B,A,B,B,B,A
373,B,B,A,A,B,B,A,E,B,A,B,A,B,A,B,B,C,A,A,B,B,A,B
374,B,A,A,A,B,B,B,H,A,C,B,A,B,B,B,C,C,A,B,B,C,B,C
375,B,B,A,A,A,B,A,H,A,A,C,B,B,B,B,C,B,C,B,A,C,A,B
376,B,B,A,B,A,B,B,D,A,A,A,B,A,A,B,A,B,D,B,A,D,B,C
377,C,A,A,C,B,B,B,D,A,A,C,B,B,C,B,C,B,D,B,A,C,A,C
378,B,B,A,B,A,B,B,F,B,A,C,B,B,B,B,C,B,C,A,B,B,A,B
379,A,B,A,A,A,A,A,H,A,C,B,B,B,B,B,A,B,C,A,A,B,B,B
380,C,A,B,B,A,B,B,A,A,A,B,B,C,B,B,B,B,B,B,B,C,A,B
381,B,B,A,A,A,B,A,E,A,A,B,B,A,B,B,A,B,C,A,B,B,A,B
382,B,A,A,C,C,B,C,D,A,A,A,D,D,C,C,C,D,D,B,B,B,C,A
383,B,B,A,A,A,B,B,C,B,C,C,A,C,B,B,B,B,D,B,A,B,C,D
384,C,A,B,A,A,B,B,D,B,C,B,C,C,C,B,C,C,C,A,B,B,A,D
385,A,A,A,A,A,A,A,H,A,C,B,B,D,B,B,A,B,A,A,B,A,A,B
386,B,B,A,B,A,B,A,H,A,A,D,C,A,A,A,A,A,D,A,A,A,A,C
387,B,B,A,A,A,B,A,C,A,C,B,A,D,A,B,A,A,C,A,B,A,A,B
388,C,B,A,C,C,C,B,D,A,A,A,A,C,B,B,B,B,B,B,B,D,B,C
0,B,A,A,A,A,B,B,H,A,C,B,B,C,A,B,B,A,A,A,B,A,A,A
1,B,A,A,B,C,B,C,D,A,A,B,B,C,C,C,C,B,B,A,B,C,B,C
2,B,B,A,A,C,B,B,H,A,B,C,A,B,A,B,A,A,D,A,B,A,A,A
3,B,B,A,B,A,B,B,D,A,A,B,C,B,C,B,A,B,B,A,B,B,B,B
4,B,A,A,B,C,B,B,H,A,A,C,A,A,A,B,A,A,D,A,B,A,A,A
5,B,A,A,B,B,B,B,C,B,A,B,C,B,C,B,A,B,C,A,B,D,A,B
6,B,A,A,A,A,B,B,E,A,A,B,B,A,A,B,B,B,C,A,B,A,A,B
7,B,A,A,B,B,B,B,H,B,A,B,B,C,B,B,B,A,B,A,B,B,B,B
8,B,A,A,C,A,B,B,H,A,A,C,A,B,A,C,B,B,A,A,A,A,A,A
9,B,B,A,B,A,B,C,H,A,A,B,B,C,C,B,B,B,C,B,B,D,B,C
10,B,A,A,A,A,B,B,C,A,C,A,A,B,A,B,B,B,A,A,B,A,A,C
11,B,A,A,B,A,B,C,D,B,A,B,B,D,C,C,C,C,C,B,B,B,B,D
12,B,A,A,A,A,B,B,D,A,C,C,B,B,C,B,C,B,C,B,B,B,B,C
13,B,B,A,A,B,B,C,D,B,B,B,B,C,C,B,C,B,D,B,B,B,B,C
14,B,B,A,B,A,B,B,E,A,A,D,A,A,B,B,A,B,D,A,A,D,A,C
15,B,B,A,B,A,B,B,H,A,C,B,C,C,A,B,C,B,B,B,B,A,B,C
16,B,B,A,A,A,B,B,H,A,C,C,D,B,B,B,B,B,A,A,B,A,A,C
17,B,A,A,A,A,B,B,H,A,C,C,A,C,A,A,C,B,B,A,B,A,A,A
18,B,A,A,A,A,B,B,H,B,C,A,B,C,A,B,A,A,B,A,B,A,B,B
19,B,B,A,A,B,B,B,D,A,A,B,C,C,C,B,B,B,C,A,B,B,B,C
20,B,A,A,A,B,B,B,D,B,A,B,C,B,C,B,A,A,B,A,A,B,B,C
21,B,A,A,A,A,B,C,D,B,A,B,B,C,C,B,C,B,C,B,B,C,B,C
22,B,A,A,A,A,B,B,H,A,A,B,B,C,A,B,B,B,A,B,A,C,A,B
23,B,A,A,A,A,B,B,H,B,A,B,B,B,C,B,C,D,B,B,B,B,A,A
24,B,B,A,B,C,B,C,D,B,A,B,C,C,C,A,C,A,D,B,B,C,B,A
25,B,B,A,A,A,B,B,H,A,C,C,B,B,A,B,C,B,B,B,A,D,B,B
26,B,A,A,A,A,B,C,H,A,A,B,D,A,C,B,B,B,D,A,B,D,B,C
27,B,B,A,A,A,B,B,F,B,C,B,D,D,B,A,B,B,A,B,B,B,B,B
28,B,A,A,B,A,B,B,A,A,A,B,B,A,B,B,C,B,C,A,B,C,A,C
29,B,B,A,B,A,B,B,H,A,C,D,B,B,A,B,B,B,A,B,B,D,A,B
30,B,A,A,A,B,B,C,F,A,A,B,D,C,B,B,B,B,D,A,B,D,B,C
31,B,A,A,A,A,B,B,H,A,C,B,B,C,C,A,B,B,B,B,B,A,A,B
32,B,A,A,B,B,B,B,A,A,A,B,B,A,B,B,B,A,A,A,B,A,A,A
33,B,A,A,B,B,B,B,D,A,B,B,B,B,C,A,C,B,C,A,A,C,A,B
34,B,A,A,B,A,A,B,E,A,A,B,A,B,A,B,B,B,A,A,B,C,A,B
35,B,A,A,B,A,B,B,G,A,A,C,A,C,B,B,C,B,A,B,B,A,A,B
36,B,B,A,B,B,B,B,D,B,A,C,B,C,C,C,C,B,A,A,B,D,B,B
37,B,A,A,A,A,B,B,D,A,A,C,C,A,B,B,A,C,C,A,A,D,B,C
38,C,A,A,C,A,C,B,D,B,B,C,B,C,A,B,B,B,B,A,A,B,A,A
39,B,B,A,B,A,B,B,D,A,A,C,B,C,A,A,B,B,D,A,B,A,B,A
40,B,A,A,A,A,B,B,H,A,C,B,C,B,A,B,B,B,C,B,B,C,A,C
41,B,B,A,A,A,B,B,F,A,C,B,B,B,B,B,B,B,B,A,A,B,A,B
42,A,A,A,A,A,B,B,D,A,A,B,B,B,B,B,C,C,A,A,A,B,A,C
43,B,B,A,C,B,B,B,D,A,A,C,B,A,C,B,A,B,A,B,B,C,A,A
44,B,A,A,A,C,B,B,H,A,A,D,A,B,A,B,C,D,D,A,B,A,A,B
45,B,B,A,A,A,B,B,B,A,C,D,A,D,A,B,A,B,A,B,B,A,A,B
46,C,A,B,C,A,B,B,D,A,A,C,B,B,A,B,B,C,B,A,A,D,B,A
47,C,A,A,C,C,A,B,D,B,B,B,C,C,C,B,A,B,A,A,A,C,A,A
48,B,A,A,B,A,B,B,C,A,A,B,D,B,B,B,C,A,C,B,B,B,A,A
49,C,B,A,C,C,B,B,D,A,A,C,B,B,C,B,C,B,B,A,B,B,A,A
50,B,A,A,B,B,C,B,D,A,C,B,B,C,B,B,C,C,C,B,A,B,C,B
51,B,A,A,B,C,B,B,D,B,A,B,A,C,C,B,C,B,D,A,B,A,A,D
52,B,A,A,A,A,B,B,D,A,A,B,B,A,C,B,B,B,A,B,B,B,A,A
53,C,A,B,C,A,C,B,D,A,A,C,A,B,C,C,B,A,B,A,A,B,A,B
54,B,A,A,A,A,B,B,H,A,C,D,A,B,A,B,B,B,C,A,B,D,A,B
55,B,A,A,B,A,B,B,D,B,A,D,B,B,A,C,C,B,A,B,A,C,C,B
56,A,B,A,A,A,A,B,D,A,C,B,A,A,A,B,A,D,B,A,A,D,B,B
57,B,B,A,A,A,B,B,D,A,A,C,A,B,B,B,B,B,D,A,B,C,A,B
58,B,A,A,A,A,B,B,H,A,A,D,B,A,A,B,A,A,B,B,B,A,B,A
59,B,A,A,A,A,B,B,D,A,C,C,B,B,C,B,B,C,C,A,B,D,A,B
60,C,A,A,B,A,B,B,D,A,A,C,B,C,C,B,B,A,B,B,B,B,A,B
61,B,B,A,A,A,B,B,H,A,A,D,C,B,A,B,B,C,B,B,B,B,A,A
62,A,A,A,A,A,A,C,H,B,C,B,D,D,C,B,A,B,D,B,B,B,B,B
63,B,B,A,A,A,B,B,D,B,A,B,C,B,A,B,B,B,B,A,A,A,B,B
64,B,A,B,A,A,B,B,D,A,A,B,B,A,C,B,D,B,B,A,B,B,B,C
65,B,B,A,A,A,B,B,H,A,C,D,B,C,A,B,C,B,B,A,A,A,A,A
66,C,B,B,B,B,A,B,D,A,A,C,A,B,C,A,D,B,A,A,B,D,A,A
67,B,B,A,A,A,B,B,C,B,C,C,B,B,B,B,B,B,D,B,B,A,A,B
68,B,B,A,A,A,B,B,H,B,C,B,B,C,A,B,C,A,C,A,B,C,B,B
69,B,B,A,A,A,B,B,H,A,A,C,B,B,B,B,B,B,C,B,A,C,B,B
70,B,B,A,A,A,B,B,A,A,C,B,A,B,B,B,B,A,B,B,A,D,C,B
71,B,A,A,B,B,B,B,D,B,A,B,B,C,C,A,B,D,C,A,B,C,B,B
72,B,B,A,B,A,B,B,C,A,A,C,D,B,A,B,B,A,A,A,A,A,A,A
73,B,A,A,A,B,B,C,C,B,A,A,B,C,C,B,B,B,C,B,B,D,A,C
74,B,B,A,A,A,B,C,D,B,A,B,D,B,C,B,C,B,B,B,B,B,B,C
75,B,B,A,B,A,B,B,C,A,A,C,D,A,A,B,B,C,A,A,A,A,A,A
76,B,A,A,B,A,B,B,E,A,C,C,B,A,C,C,A,B,C,A,B,D,A,D
77,A,B,A,A,A,A,B,F,A,A,C,C,B,A,B,B,B,C,A,B,B,B,C
78,B,A,A,B,A,B,B,H,A,A,B,B,A,A,B,C,A,A,A,A,B,B,B
79,B,A,A,A,A,A,A,H,A,C,C,B,A,A,B,B,B,C,A,B,B,A,A
80,B,A,A,B,A,B,B,C,B,C,B,B,B,B,B,B,A,C,B,B,C,C,C
81,B,B,A,A,A,B,A,H,A,C,B,A,B,B,B,A,A,A,A,B,A,A,B
82,B,B,A,A,A,B,A,D,A,A,C,B,C,A,B,A,B,B,A,B,A,A,B
83,B,A,A,B,A,B,A,H,B,A,A,D,B,A,B,B,B,B,A,A,B,A,C
84,C,A,B,C,C,B,B,D,B,C,B,D,B,C,C,A,B,B,A,A,B,B,D
85,B,A,A,A,A,B,A,H,A,A,B,A,B,B,A,A,A,B,A,B,A,A,B
86,B,A,A,A,A,B,A,H,A,C,C,A,A,C,A,C,A,B,A,A,B,A,A
87,A,B,A,A,A,A,A,H,A,C,B,B,C,A,A,C,B,C,B,B,A,A,B
88,C,A,A,C,A,B,B,C,A,A,B,A,B,A,A,B,B,A,A,B,A,A,B
89,B,B,A,B,A,B,B,H,A,A,D,A,A,B,B,A,B,A,A,B,A,A,C
90,B,B,A,C,A,B,B,G,A,A,B,B,C,C,B,B,B,A,B,A,B,B,A
91,B,A,A,A,A,A,A,D,A,B,C,A,A,A,A,C,B,A,A,B,C,B,A
92,B,A,A,A,A,B,A,H,A,C,C,B,C,C,B,B,B,B,B,B,C,A,B
93,B,A,A,C,B,C,C,C,B,A,B,C,C,C,A,C,B,C,A,A,D,B,C
94,C,A,B,C,C,B,B,D,A,A,C,C,C,C,B,C,B,C,A,A,C,B,D
95,B,A,A,C,A,B,A,H,B,A,C,B,C,B,B,B,B,C,A,B,A,A,A
96,B,A,A,B,A,B,B,C,B,A,A,C,C,B,B,C,B,C,A,B,D,B,C
97,C,B,B,C,C,C,B,F,A,A,C,A,C,A,B,B,D,A,A,B,A,A,A
98,C,A,B,C,A,B,B,F,A,A,C,A,A,B,B,B,A,A,B,B,D,A,A
99,B,A,A,A,B,B,B,C,A,B,B,A,A,C,C,C,A,D,A,A,D,A,B
100,C,A,A,C,A,C,B,C,A,A,C,B,C,B,B,B,A,B,B,B,A,A,B
101,C,A,B,C,B,B,B,F,A,A,D,C,B,C,B,A,B,B,B,B,B,B,A
102,B,B,A,B,A,B,B,D,A,A,C,B,B,B,B,A,A,B,B,B,D,A,B
103,B,A,A,C,B,B,C,D,B,A,B,B,C,C,C,C,A,B,A,B,A,B,A
104,C,A,B,B,B,B,C,F,A,B,C,B,C,B,C,B,D,A,B,B,B,A,D
105,C,A,B,B,A,B,A,H,A,A,D,A,C,A,A,B,C,B,A,B,A,A,B
106,C,A,B,C,A,C,A,F,A,A,C,B,C,C,B,B,B,A,A,B,A,B,C
107,B,A,A,B,A,B,A,F,A,A,C,C,B,B,B,B,B,B,B,A,B,A,B
108,C,A,B,C,B,C,C,F,A,A,B,D,A,C,B,C,B,C,B,B,C,B,A
109,B,A,A,B,A,B,B,H,A,A,B,B,B,B,A,B,B,B,A,A,A,A,B
110,C,A,A,B,C,C,B,D,A,B,B,A,A,C,C,C,C,C,A,B,C,B,A
